,https://github.com/apache/shiro
b68739bf0ceeaa0282e665b59c0bf861cf1fab4a,2020-10-17 10:38:00-04:00
9154b0ea43535a1952f156de4929da207335cced,2020-10-17 11:02:56-04:00
16fc47ae44e330297ed24f080a20d211c2666667,2020-11-04 10:43:53-05:00
042c59356cc6442345a9f935aed3e7603cb4dfad,2020-11-04 10:43:53-05:00
5b1add9a4c4ed046b52cf2132ed0f264a22caf1d,2020-11-04 10:43:53-05:00
1fce97d052d593316ae6f6ccc59b5c9ec8194913,2020-11-12 00:20:26+00:00
a2365b3cc4a47be291d226bc95ce8574fd7e5c94,2020-11-16 10:06:03-05:00
c57fed9697d56765d5f06aee982211d881a3d9a8,2020-12-16 11:25:45+08:00
eca1f2ac5f08efc6e2c2ed799a470bc0c92c1e9f,2021-01-12 18:08:25+01:00
